player_name,week,completions,attempts,passing_yards,passing_tds,interceptions,carries,rushing_yards,rushing_tds,receptions,targets,receiving_yards,receiving_tds,fantasy_points,fantasy_points_ppr
A.Abdullah,16,0,0,0,0,0,15,89,0,19,24,131,0,22.0,41.0
A.Armah,3,0,0,0,0,0,0,0,0,3,3,13,0,1.3,4.3
A.Beck,12,0,0,0,0,0,5,3,1,11,13,55,2,27.8,38.8
A.Brown,17,0,0,0,0,0,0,0,0,106,158,1456,7,183.6,289.6
A.Cooper,15,0,0,0,0,0,0,0,0,72,128,1250,5,155.0,227.0
A.Dalton,2,34,58,361,2,0,3,12,0,0,0,0,0,23.64,23.64
A.Davis,2,0,0,0,0,0,2,3,0,0,0,0,0,0.30000000000000004,0.30000000000000004
A.Dillon,15,0,0,0,0,0,178,613,2,22,28,223,0,95.6,117.6
A.Ekeler,14,0,0,0,0,0,179,628,5,51,74,436,1,134.4,185.4
A.Erickson,8,0,0,0,0,0,0,0,0,16,29,232,1,29.2,45.2
A.Gibson,16,0,0,0,0,0,65,265,1,48,59,389,2,79.4,127.4
A.Green,2,0,0,0,0,0,0,0,0,1,2,2,0,0.2,1.2
A.Hooker,1,0,0,0,0,0,1,2,0,0,0,0,0,0.2,0.2
A.Hooper,16,0,0,0,0,0,0,0,0,25,31,234,0,23.4,48.4
A.Ingold,10,0,0,0,0,0,2,0,0,13,16,119,0,11.9,24.9
A.Iosivas,9,0,0,0,0,0,0,0,0,15,25,116,4,35.6,50.6
A.Jones,11,0,0,0,0,0,142,656,2,30,43,233,1,104.9,134.9
A.Kamara,13,0,0,0,0,0,180,694,5,75,86,466,1,158.0,233.0
A.Lazard,13,0,0,0,0,0,0,0,0,23,49,311,1,37.1,60.099999999999994
A.Mattison,16,0,0,0,0,0,180,700,0,30,44,192,3,103.2,133.20000000000002
A.McCarron,2,4,5,19,0,0,0,0,0,0,0,0,0,0.76,0.76
A.McFarland,1,0,0,0,0,0,0,0,0,2,2,11,0,1.1,3.1
A.O'Connell,11,213,343,2218,12,7,17,11,1,0,0,0,0,125.82,125.82
A.Ogletree,10,0,0,0,0,0,0,0,0,9,21,147,2,26.7,35.7
A.Okwuegbunam,1,0,0,0,0,0,0,0,0,0,1,0,0,0.0,0.0
A.Perry,8,0,0,0,0,0,0,0,0,12,18,246,4,48.6,60.6
A.Pierce,17,0,0,0,0,0,0,0,0,32,65,514,2,63.4,95.4
A.Prentice,2,0,0,0,0,0,2,12,0,2,3,12,0,0.3999999999999999,2.4
A.Richardson,4,50,84,577,3,1,25,136,4,0,0,0,0,72.68,72.68
A.Robinson,15,0,0,0,0,0,0,0,0,34,49,280,0,28.0,62.0
A.Rodgers,2,0,1,0,0,0,0,0,0,0,2,0,0,0.0,0.0
A.St. Brown,16,0,0,0,0,0,4,24,0,119,164,1515,10,211.9,330.9
A.Thielen,17,0,0,0,0,0,1,6,0,103,137,1014,4,128.0,231.0
A.Trammell,2,0,0,0,0,0,0,0,0,4,7,29,0,2.9,6.9
A.Trautman,16,0,0,0,0,0,0,0,0,22,35,204,3,38.4,60.4
B.Aiyuk,16,0,0,0,0,0,0,0,0,75,105,1342,7,174.2,249.2
B.Anger,1,0,0,0,0,0,0,0,0,0,0,0,0,2.0,2.0
B.Bell,6,0,0,0,0,0,0,0,0,5,9,26,1,6.6000000000000005,11.6
B.Berrios,13,0,0,0,0,0,1,11,0,27,33,238,1,30.9,57.9
B.Bolden,3,0,0,0,0,0,4,31,1,0,0,0,0,11.1,11.1
B.Bredeson,1,0,0,0,0,0,0,0,0,1,1,0,0,0.0,1.0
B.Cooks,16,0,0,0,0,0,5,35,0,54,81,657,8,119.2,173.2
B.Covey,2,0,0,0,0,0,0,0,0,4,6,42,0,4.2,8.2
B.Echols,1,0,0,0,0,0,0,0,0,1,1,18,0,1.8,2.8
B.Gabbert,2,18,35,185,0,3,7,45,0,0,0,0,0,5.9,5.9
B.Gillikin,1,0,0,0,0,0,1,10,0,0,0,0,0,1.0,1.0
B.Hall,17,0,0,0,0,0,223,994,5,76,95,591,4,214.5,290.5
B.Hopkins,4,0,0,0,0,0,0,0,0,5,7,78,0,7.800000000000001,12.8
B.Hoyer,2,23,42,231,0,2,3,-3,0,0,0,0,0,4.9399999999999995,4.9399999999999995
B.Johnson,10,0,0,0,0,0,0,0,0,19,30,284,4,54.400000000000006,73.4
B.Jordan,9,0,0,0,0,0,0,0,0,17,21,219,2,33.9,50.9
B.Mann,1,1,1,28,0,0,0,0,0,0,0,0,0,1.12,1.12
B.Mayfield,17,364,566,4044,28,10,62,163,1,0,0,0,0,274.06,274.06
B.Melton,4,0,0,0,0,0,3,21,0,16,24,218,1,29.9,45.9
B.Powell,13,0,0,0,0,0,5,17,0,29,44,324,1,40.1,69.1
B.Pringle,12,0,0,0,0,0,0,0,0,14,22,161,0,16.1,30.1
B.Purdy,16,308,444,4280,31,11,39,144,2,0,0,0,0,295.6,295.6
B.Robinson,32,0,0,0,0,0,392,1709,9,94,129,855,8,350.4,444.4
B.Rypien,2,18,38,172,0,1,3,19,0,0,0,0,0,6.779999999999999,6.779999999999999
B.Scott,10,0,0,0,0,0,20,86,0,4,6,52,0,13.8,17.8
B.Sims,6,0,0,0,0,0,0,0,0,4,6,21,1,8.1,12.1
B.Skowronek,9,0,0,0,0,0,2,9,0,8,12,66,1,13.5,21.5
B.Strange,5,0,0,0,0,0,0,0,0,5,9,35,1,9.499999999999998,14.499999999999998
B.Wright,8,0,0,0,0,0,0,0,0,13,14,91,1,15.100000000000001,28.1
B.Young,16,315,527,2877,11,10,39,253,0,0,0,0,0,156.38,156.38
B.Zappe,10,127,212,1272,6,9,17,83,1,0,0,0,0,69.18,69.18
C.Akers,7,0,0,0,0,0,60,167,2,11,12,70,0,35.699999999999996,46.699999999999996
C.Austin,14,0,0,0,0,0,11,57,1,17,30,180,1,35.7,52.7
C.Beathard,6,40,53,349,1,0,8,35,0,0,0,0,0,21.46,21.46
C.Brooks,3,0,0,0,0,0,19,106,0,0,0,0,0,10.6,10.6
C.Brown,10,0,0,0,0,0,44,179,0,14,15,156,1,39.5,53.5
C.Claypool,7,0,0,0,0,0,0,0,0,8,21,77,1,13.7,21.7
C.Conley,1,0,0,0,0,0,0,0,0,3,6,69,0,6.9,9.9
C.Davis,1,0,0,0,0,0,0,0,0,0,0,0,0,6.0,6.0
C.Dowell,2,0,0,0,0,0,0,0,0,1,2,3,0,0.3,1.3
C.Edmonds,13,0,0,0,0,0,49,176,0,14,17,81,0,25.7,39.699999999999996
C.Edwards-Helaire,15,0,0,0,0,0,70,223,1,17,22,188,1,53.1,70.1
C.Evans,1,0,0,0,0,0,2,12,0,1,1,-1,0,1.1,2.1
C.Fotheringham,1,0,0,0,0,0,0,0,0,1,1,6,0,0.6,1.6
C.Godwin,17,0,1,0,0,0,4,38,1,83,130,1024,2,126.2,209.2
C.Golston,1,0,0,0,0,0,0,0,0,0,0,0,0,2.0,2.0
C.Ham,6,0,0,0,0,0,1,7,0,7,9,25,0,3.1999999999999997,10.2
C.Heyward,11,0,1,0,0,0,1,0,0,23,34,167,0,16.7,39.7
C.Hubbard,17,0,0,0,0,0,238,902,5,39,44,233,0,143.5,182.5
C.Johnson,1,0,0,0,0,0,0,0,0,1,1,11,0,1.1,2.1
C.Johnston,1,0,0,0,0,0,1,-23,0,0,0,0,0,-2.3,-2.3
C.Jones,5,0,0,0,0,0,2,13,0,7,9,64,0,13.7,20.7
C.Keenum,2,34,53,291,1,3,2,1,0,0,0,0,0,9.74,9.74
C.Kirk,12,1,2,-1,0,0,1,6,0,57,85,787,3,93.26,150.26
C.Kmet,15,0,0,0,0,0,3,2,0,73,90,719,6,108.1,181.1
C.Kolar,6,0,0,0,0,0,0,0,0,7,9,87,1,14.7,21.7
C.Kupp,12,0,0,0,0,0,1,-3,0,59,95,737,5,105.4,164.4
C.Lamb,17,0,0,0,0,0,14,113,2,135,181,1749,12,270.2,405.20000000000005
C.Manhertz,4,0,0,0,0,0,0,0,0,2,4,16,0,1.6,3.6
C.McCaffrey,16,0,0,0,0,0,272,1459,14,67,83,564,7,324.3,391.3
C.Moore,15,0,0,0,0,0,2,39,0,22,35,424,0,46.3,68.3
C.Okonkwo,17,0,0,0,0,0,2,6,0,54,77,528,1,59.4,113.4
C.Olave,16,0,0,0,0,0,0,0,0,87,138,1123,5,144.3,231.29999999999998
C.Otton,16,0,0,0,0,0,0,0,0,47,67,455,4,69.5,116.5
C.Parkinson,14,0,0,0,0,0,0,0,0,25,34,247,2,36.7,61.7
C.Patterson,12,0,0,0,0,0,50,181,0,9,12,38,1,27.9,36.9
C.Reynolds,6,0,0,0,0,0,41,179,1,5,5,47,0,26.599999999999998,31.599999999999998
C.Ridley,17,0,0,0,0,0,9,23,0,76,136,1016,8,153.9,229.9
C.Rodriguez,8,0,0,0,0,0,51,247,2,2,2,12,0,35.9,37.9
C.Rush,7,18,24,144,0,1,12,-5,0,0,0,0,0,3.26,3.26
C.Samuel,16,0,0,0,0,0,7,39,1,62,91,613,4,95.2,157.2
C.Stroud,15,319,499,4108,23,5,39,157,3,1,1,0,0,274.02,275.02
C.Sutton,16,0,0,0,0,0,0,0,0,59,90,772,10,131.2,190.2
C.Thompson,1,0,0,0,0,0,0,0,0,1,1,10,0,1.0,2.0
C.Tillman,11,0,0,0,0,0,1,8,0,21,44,224,0,23.2,44.2
C.Tune,6,12,21,62,0,2,8,30,1,0,0,0,0,7.4799999999999995,7.4799999999999995
C.Turner,7,0,0,0,0,0,0,0,0,11,15,120,0,12.0,23.0
C.Uzomah,7,0,0,0,0,0,0,0,0,8,12,58,1,11.8,19.8
C.Watson,9,0,0,0,0,0,4,11,0,28,53,422,5,73.3,101.3
C.Wentz,1,17,24,163,2,1,17,56,1,0,0,0,0,26.12,26.12
C.Wilson,11,0,0,0,0,0,0,0,0,22,38,296,3,47.6,69.6
C.Woerner,3,0,0,0,0,0,0,0,0,3,3,32,0,3.2,6.2
D.Achane,11,0,0,0,0,0,103,800,8,27,37,197,3,163.7,190.7
D.Adams,17,0,0,0,0,0,0,0,0,103,175,1144,8,162.4,265.4
D.Allen,4,0,0,0,0,0,0,0,0,10,11,95,1,15.5,25.5
D.Bell,9,0,0,0,0,0,0,0,0,14,23,167,3,34.7,48.7
D.Bellinger,13,0,0,0,0,0,0,0,0,25,28,255,0,25.5,50.5
D.Brown,13,1,1,4,0,0,1,0,0,12,23,168,1,22.96,34.96
D.Byrd,1,0,0,0,0,0,0,0,0,0,2,0,0,0.0,0.0
D.Carr,17,375,548,3878,25,8,32,40,0,0,0,0,0,241.12,241.12
D.Carter,8,0,0,0,0,0,3,18,0,4,7,39,0,5.7,9.7
D.Chark,14,0,0,0,0,0,0,0,0,35,66,525,5,80.5,115.5
D.Cook,14,0,0,0,0,0,67,214,0,15,20,78,0,25.2,40.2
D.Dallas,10,0,0,0,0,0,10,36,0,6,9,26,0,6.2,12.2
D.Davis,14,0,0,0,0,0,14,101,0,15,17,66,0,22.7,37.7
D.Douglas,14,0,0,0,0,0,8,41,0,49,79,561,0,58.2,107.2
D.Duvernay,6,0,0,0,0,0,4,15,0,4,9,18,0,3.3,7.3
D.Eskridge,3,0,0,0,0,0,2,5,0,0,1,0,0,0.5,0.5
D.Evans,6,0,0,0,0,0,32,121,1,7,12,49,0,23.0,30.0
D.Foreman,9,0,0,0,0,0,109,425,4,11,16,77,1,80.2,91.2
D.Goedert,14,0,0,0,0,0,1,1,0,59,83,592,3,77.3,136.29999999999998
D.Gore,2,0,0,0,0,0,3,26,0,0,0,0,0,2.5999999999999996,2.5999999999999996
D.Harris,6,0,0,0,0,0,23,94,1,2,2,16,0,17.0,19.0
D.Harty,12,0,0,0,0,0,4,0,0,15,21,150,1,27.0,42.0
D.Henderson,4,0,0,0,0,0,46,112,2,10,14,103,0,33.5,43.5
D.Henry,17,2,3,14,2,0,280,1167,12,28,36,214,0,218.66,246.66
D.Hopkins,17,0,1,0,0,0,2,9,0,75,137,1057,7,148.6,223.6
D.Jackson,2,0,0,0,0,0,14,16,0,5,6,14,0,-1.0,4.0
D.Johnson,28,0,0,0,0,0,41,108,0,61,99,857,5,126.5,187.5
D.Jones,6,108,160,909,2,6,40,206,1,0,0,0,0,56.96,56.96
D.Kincaid,16,0,0,0,0,0,0,0,0,73,91,673,2,77.3,150.3
D.Knox,10,0,0,0,0,0,0,0,0,22,36,186,2,32.6,54.599999999999994
D.Lock,4,48,76,543,3,3,5,14,0,0,0,0,0,29.119999999999997,29.119999999999997
D.London,16,1,1,22,0,0,0,0,0,69,110,905,2,105.38,174.38
D.Metcalf,16,0,0,0,0,0,0,0,0,66,119,1114,8,159.4,225.4
D.Mills,5,18,39,173,2,0,2,9,0,0,0,0,0,17.82,17.82
D.Montgomery,16,0,0,0,0,0,219,1015,13,19,32,173,1,202.8,221.8
D.Mooney,14,0,0,0,0,0,2,5,0,31,61,414,1,47.9,78.9
D.Moore,23,0,0,0,0,0,4,21,1,101,143,1458,9,205.9,306.9
D.Njoku,16,0,0,0,0,0,0,0,0,81,123,882,6,120.2,201.2
D.Ogunbowale,6,0,0,0,0,0,8,35,0,2,7,18,0,5.3,7.3
D.Ozigbo,1,0,0,0,0,0,3,5,0,1,1,8,0,1.3,2.3
D.Parham,13,0,0,0,0,0,0,0,0,27,41,285,4,52.5,79.5
D.Parker,13,0,0,0,0,0,0,0,0,33,55,394,0,39.4,72.4
D.Peoples-Jones,12,0,0,0,0,0,0,0,0,13,25,155,0,15.5,28.5
D.Pierce,13,0,0,0,0,0,145,416,2,13,17,101,0,69.7,82.7
D.Prescott,17,410,590,4516,36,9,55,242,2,0,0,0,0,342.84000000000003,342.84000000000003
D.Ridder,15,249,388,2836,12,12,53,193,5,1,1,-6,0,180.14,181.14
D.Robinson,8,0,0,0,0,0,1,23,0,26,39,371,4,61.4,87.39999999999999
D.Sample,14,0,0,0,0,0,0,0,0,22,27,163,2,28.3,50.3
D.Samuel,15,0,1,0,0,0,37,225,5,60,89,892,7,183.7,243.7
D.Schultz,15,0,0,0,0,0,0,0,0,59,88,635,5,91.5,150.5
D.Singletary,17,1,1,6,1,0,216,898,4,30,38,193,0,137.34,167.34
D.Skipper,1,0,0,0,0,0,0,0,0,1,1,4,0,0.4,1.4
D.Slayton,17,0,0,0,0,0,0,0,0,50,79,770,4,101.0,151.0
D.Smith,17,0,0,0,0,0,0,0,0,82,113,1066,7,146.6,228.6
D.Smythe,13,0,0,0,0,0,0,0,0,35,43,366,0,36.6,71.6
D.Swift,16,0,0,0,0,0,229,1049,5,39,49,214,1,160.3,199.3
D.Thompkins,12,0,0,0,0,0,8,56,0,17,25,83,1,17.9,34.9
D.Thompson-Robinson,7,60,112,440,1,4,14,65,0,0,0,0,0,22.1,22.1
D.Vaughn,6,0,0,0,0,0,23,40,0,7,7,40,0,8.0,15.0
D.Waller,12,0,0,0,0,0,0,0,0,52,74,552,1,61.2,113.2
D.Washington,8,0,0,0,0,0,0,0,0,7,10,61,0,6.1,13.1
D.Watson,6,105,171,1115,7,4,26,142,1,0,0,0,0,86.8,86.8
D.Wells,1,0,0,0,0,0,0,0,0,2,2,-10,0,-1.0,1.0
D.Wicks,15,1,1,14,0,0,1,1,0,39,58,581,4,80.75999999999999,119.75999999999999
D.Williams,3,0,0,0,0,0,11,43,0,2,2,12,0,5.5,7.5
E.Cooks,2,0,0,0,0,0,0,0,0,3,4,38,0,3.8,6.8
E.Demercado,11,0,0,0,0,0,58,284,2,21,30,119,0,52.3,73.3
E.Dotson,1,0,0,0,0,0,4,6,0,2,2,13,0,1.9,3.9
E.Elliott,17,0,0,0,0,0,184,642,3,51,65,313,2,123.5,174.5
E.Engram,17,0,0,0,0,0,0,0,0,114,143,963,4,116.3,230.29999999999998
E.Ezukanma,2,0,0,0,0,0,5,22,0,0,1,0,0,2.2,2.2
E.Gray,5,0,0,0,0,0,17,48,0,6,7,22,0,7.0,13.0
E.Higgins,9,0,0,0,0,0,0,0,0,14,19,163,1,22.3,36.3
E.Hull,1,0,0,0,0,0,1,1,0,1,1,6,0,0.7,1.7
E.Mitchell,11,0,0,0,0,0,75,281,2,6,8,14,0,41.5,47.5
E.Moore,16,0,0,0,0,0,9,11,0,59,104,640,2,73.1,132.1
E.Saubert,3,0,0,0,0,0,0,0,0,3,3,12,0,1.2,4.2
E.St. Brown,5,0,0,0,0,0,0,0,0,5,6,62,0,6.2,11.2
E.Stick,5,111,174,1129,3,1,27,144,1,0,0,0,0,67.56,67.56
E.Turner,1,0,0,0,0,0,1,2,0,0,0,0,0,0.2,0.2
E.Wilson,5,0,0,0,0,0,14,85,0,4,5,23,0,10.8,14.8
F.Moreau,11,0,0,0,0,0,0,0,0,21,25,193,1,25.3,46.3
G.Brightwell,3,0,0,0,0,0,9,19,0,5,7,47,0,6.6,11.6
G.Calcaterra,2,0,0,0,0,0,0,0,0,4,4,39,0,3.9000000000000004,7.8999999999999995
G.Davis,16,0,0,0,0,0,1,-2,0,45,81,746,7,116.39999999999999,161.4
G.Dortch,9,0,0,0,0,0,1,5,0,24,41,280,2,40.5,64.5
G.Dulcich,2,0,0,0,0,0,0,0,0,3,4,25,0,2.5,5.5
G.Edwards,17,0,0,0,0,0,198,810,13,12,13,180,0,175.0,187.0
G.Everett,15,0,0,0,0,0,3,10,0,51,70,411,3,60.1,111.10000000000001
G.Kittle,16,0,0,0,0,0,1,2,0,65,90,1020,6,138.2,203.20000000000002
G.Minshew,16,305,490,3305,15,9,34,100,3,0,0,0,0,196.20000000000002,196.20000000000002
G.Olszewski,2,0,0,0,0,0,0,0,0,1,1,0,0,4.0,5.0
G.Pickens,17,0,0,0,0,0,3,18,0,63,106,1140,5,145.8,208.8
G.Ricci,1,0,0,0,0,0,0,0,0,1,1,2,0,0.2,1.2
G.Smith,15,323,499,3624,20,9,37,155,1,1,1,-2,0,226.26,227.26
G.Stuard,1,0,0,0,0,0,0,0,0,0,0,0,0,6.0,6.0
G.Swaim,7,0,0,0,0,0,0,0,0,10,11,94,0,9.4,19.4
G.Wilson,17,0,1,0,0,0,4,0,0,95,168,1042,3,118.2,213.2
H.Bryant,13,0,0,0,0,0,5,8,0,13,20,81,3,24.9,37.9
H.Henry,13,0,0,0,0,0,0,0,0,42,61,419,6,77.9,119.9
H.Hurst,9,0,0,0,0,0,0,0,0,18,32,184,1,24.4,42.4
H.Luepke,6,0,0,0,0,0,6,19,1,3,4,18,0,9.7,12.7
H.Renfrow,13,0,0,0,0,0,0,0,0,25,37,255,0,23.5,48.5
I.Abanikanda,6,0,0,0,0,0,22,70,0,7,11,43,0,11.3,18.3
I.Charles,1,0,0,0,0,0,0,0,0,0,1,0,0,0.0,0.0
I.Hodgins,14,0,0,0,0,0,0,0,0,21,33,230,3,39.0,60.0
I.Likely,13,0,0,0,0,0,0,0,0,30,40,411,5,71.1,101.1
I.McKenzie,9,0,0,0,0,0,3,14,0,11,14,82,0,9.6,20.6
I.Pacheco,14,0,0,0,0,0,205,935,7,44,49,244,2,169.9,213.9
I.Smith,9,0,0,0,0,0,0,0,0,18,26,115,1,15.5,33.5
I.Smith-Marsette,7,0,0,0,0,0,8,74,1,8,10,51,0,24.5,32.5
I.Spiller,9,0,0,0,0,0,37,96,0,6,6,34,0,13.0,19.0
I.Thomas,7,0,0,0,0,0,0,0,0,5,9,56,0,5.6,10.6
J.Addison,17,0,0,0,0,0,1,2,0,70,108,911,10,151.3,221.3
J.Agnew,8,0,0,0,0,0,4,-2,0,14,21,225,1,26.3,40.3
J.Akins,13,0,0,0,0,0,0,0,0,15,23,132,0,13.2,28.2
J.Allen,17,385,579,4306,29,18,111,524,15,0,0,0,0,394.64,394.64
J.Bates,14,0,0,0,0,0,0,0,0,19,28,151,0,15.1,34.1
J.Bobo,14,0,0,0,0,0,1,3,1,19,25,196,2,37.9,56.900000000000006
J.Brissett,2,18,23,224,3,0,3,19,0,0,0,0,0,22.86,22.86
J.Brooks,3,0,0,0,0,0,0,0,0,6,6,64,0,6.3999999999999995,12.4
J.Browning,9,171,243,1936,12,7,27,127,3,1,1,-7,0,143.44,144.44
J.Brownlee,4,0,0,0,0,0,0,0,0,5,8,56,1,11.6,16.6
J.Burrow,10,244,365,2309,15,6,31,88,0,0,0,0,0,147.16,147.16
J.Cabinda,1,0,0,0,0,0,1,0,0,0,0,0,0,0.0,0.0
J.Chase,16,1,1,-7,0,0,3,-6,0,100,145,1216,7,162.72,262.72
J.Conner,13,0,0,0,0,0,208,1040,7,27,33,165,2,174.5,201.5
J.Cook,17,0,0,0,0,0,237,1122,2,44,54,445,4,188.7,232.7
J.Corbin,1,0,0,0,0,0,1,1,0,3,3,12,0,1.3,4.3
J.Crowder,7,0,0,0,0,0,0,0,0,16,20,159,1,21.9,37.9
J.Deguara,4,0,0,0,0,0,0,0,0,8,8,65,0,6.5,14.5
J.Dobbins,1,0,0,0,0,0,8,22,1,2,3,15,0,9.7,11.7
J.Dobbs,13,262,417,2464,13,10,77,421,6,0,0,0,0,202.66,202.66
J.Dotson,17,0,0,0,0,0,0,0,0,49,83,518,4,75.8,124.8
J.Downs,17,0,0,0,0,0,0,0,0,68,98,771,2,89.1,157.1
J.Driskel,1,13,26,166,2,2,7,33,0,0,0,0,0,13.94,13.94
J.Ferguson,17,0,0,0,0,0,0,0,0,71,102,761,5,106.1,177.1
J.Fields,13,227,370,2562,16,9,124,657,4,0,0,0,0,230.17999999999998,230.17999999999998
J.FitzPatrick,1,0,0,0,0,0,0,0,0,1,1,12,0,1.2,2.2
J.Flacco,5,123,204,1616,13,8,9,2,0,0,0,0,0,100.84,100.84
J.Ford,17,0,0,0,0,0,204,813,4,44,63,319,5,169.20000000000002,213.20000000000002
J.Funk,1,0,0,0,0,0,2,10,0,1,1,12,0,2.2,3.2
J.Garoppolo,7,110,169,1205,7,9,20,39,0,0,0,0,0,64.1,64.1
J.Gibbs,15,0,0,0,0,0,182,945,10,52,71,316,1,190.1,242.1
J.Goff,17,407,605,4575,30,12,32,21,2,0,0,0,0,289.1,289.1
J.Graham,5,0,0,0,0,0,0,0,0,6,7,39,4,27.9,33.9
J.Guyton,7,0,0,0,0,0,0,0,0,10,21,89,1,14.9,24.9
J.Hall,3,13,20,168,0,1,6,14,0,0,0,0,0,2.12,2.12
J.Hasty,1,0,0,0,0,0,0,0,0,0,2,0,0,0.0,0.0
J.Hekker,2,1,1,7,0,0,1,-11,0,0,0,0,0,-2.8200000000000003,-2.8200000000000003
J.Herbert,13,297,456,3134,20,7,52,228,3,1,1,10,0,233.16,234.16
J.Hill,22,0,0,0,0,0,84,387,3,34,48,254,1,84.1,118.1
J.Horsted,1,0,0,0,0,0,0,0,0,1,1,4,0,0.4,1.4
J.Hurts,17,352,538,3858,23,15,157,605,15,0,0,0,0,356.82,356.82
J.Hyatt,13,0,0,0,0,0,0,0,0,23,40,373,0,37.3,60.3
J.Jacobs,13,0,0,0,0,0,233,805,6,37,54,296,0,144.1,181.1
J.Jefferson,10,0,1,0,0,0,1,-12,0,68,100,1074,5,136.2,204.2
J.Jennings,12,0,0,0,0,0,0,0,0,19,33,265,1,32.5,51.5
J.Jeudy,16,0,0,0,0,0,0,0,0,54,87,758,2,87.8,141.8
J.Johnson,14,0,0,0,0,0,0,0,0,38,61,380,4,62.0,100.0
J.Jones,8,0,0,0,0,0,0,0,0,11,19,74,3,25.4,36.4
J.Kelley,17,0,0,0,0,0,107,405,2,8,12,32,0,53.7,61.7
J.Love,17,372,579,4159,32,11,50,247,4,0,0,0,0,319.06,319.06
J.Mason,9,0,0,0,0,0,40,206,3,3,4,31,0,41.7,44.7
J.McKinnon,12,1,1,4,1,0,21,60,1,25,32,192,4,59.36,84.36
J.McLaughlin,17,0,0,0,0,0,76,410,1,31,36,160,2,75.0,106.0
J.Metchie,14,0,0,0,0,0,1,4,0,16,30,158,0,16.2,32.2
J.Meyers,16,2,3,12,1,0,4,24,2,71,106,807,8,147.58,218.58
J.Mims,1,0,0,0,0,0,0,0,0,0,2,0,0,0.0,0.0
J.Mingo,15,0,0,0,0,0,0,0,0,43,85,418,0,41.8,84.8
J.Mitchell,2,0,0,0,0,0,0,0,0,2,2,28,0,2.8,4.8
J.Mixon,17,0,0,0,0,0,257,1034,9,52,64,376,3,215.0,267.0
J.Mundt,9,0,0,0,0,0,0,0,0,17,23,172,1,23.2,40.2
J.Nailor,2,0,0,0,0,0,0,0,0,3,6,29,0,2.9000000000000004,5.9
J.Oliver,12,0,0,0,0,0,0,0,0,22,28,213,2,31.299999999999997,53.3
J.Palmer,10,0,0,0,0,0,1,6,0,38,61,581,2,68.7,106.7
J.Proche,2,0,0,0,0,0,0,0,0,0,5,0,0,0.0,0.0
J.Reagor,9,0,0,0,0,0,1,17,0,7,23,138,0,21.5,28.5
J.Reed,16,0,0,0,0,0,11,119,2,64,94,793,8,153.2,217.2
J.Reeves-Maybin,3,1,1,31,0,0,2,3,0,0,0,0,0,1.54,1.54
J.Reynolds,16,0,0,0,0,0,0,0,0,40,64,608,5,88.8,128.8
J.Robinson,1,0,0,0,0,0,1,2,0,1,1,-2,0,0.0,1.0
J.Ross,5,0,0,0,0,0,0,0,0,6,11,53,0,5.3,11.3
J.Ruckert,10,0,0,0,0,0,0,0,0,16,22,151,0,15.1,31.1
J.Simmons,1,0,0,0,0,0,0,0,0,1,1,2,1,6.2,7.2
J.Smith,15,0,1,0,0,0,1,0,0,50,70,582,3,74.2,124.19999999999999
J.Smith-Njigba,17,0,0,0,0,0,0,0,0,63,93,628,4,86.8,149.8
J.Smith-Schuster,11,0,0,0,0,0,0,0,0,29,47,260,1,32.0,61.0
J.Stidham,2,40,66,496,2,1,9,8,0,0,0,0,0,26.64,26.64
J.Stoll,5,0,0,0,0,0,0,0,0,5,8,38,0,3.8,8.8
J.Taylor,10,0,0,0,0,0,169,741,7,19,23,153,1,137.4,156.4
J.Tolbert,13,0,0,0,0,0,0,0,0,22,36,268,2,38.8,60.800000000000004
J.Waddle,14,0,0,0,0,0,3,12,0,72,104,1014,4,126.60000000000001,198.6
J.Ward,1,0,0,0,0,0,3,11,0,0,0,0,0,1.1,1.1
J.Warren,17,0,0,0,0,0,149,784,4,61,74,370,0,135.4,196.4
J.Whyle,8,0,0,0,0,0,0,0,0,9,15,94,1,15.4,24.4
J.Williams,42,0,0,0,0,0,327,1107,5,89,121,644,4,231.1,320.1
J.Wilson,9,0,0,0,0,0,41,188,0,14,17,85,0,27.299999999999997,41.300000000000004
J.Winfree,1,0,0,0,0,0,0,0,0,0,1,0,0,0.0,0.0
J.Winston,6,25,47,264,2,3,5,-6,0,0,0,0,0,11.96,11.96
Ju.Watson,15,0,0,0,0,0,0,0,0,27,53,460,3,62.0,89.0
K.Allen,19,1,2,49,1,0,15,-7,0,108,150,1243,7,169.56,277.56
K.Blasingame,7,0,0,0,0,0,8,26,0,3,6,2,0,2.8000000000000003,5.8
K.Bourne,8,0,0,0,0,0,1,4,0,37,55,406,4,63.0,100.0
K.Boutte,3,0,0,0,0,0,0,0,0,2,7,19,0,1.9000000000000001,3.9000000000000004
K.Cousins,8,216,311,2331,18,5,14,25,0,0,0,0,0,149.74,149.74
K.Dorsey,1,0,0,0,0,0,0,0,0,1,1,31,0,3.1,4.1
K.Doss,2,0,0,0,0,0,0,0,0,6,13,33,0,3.3,9.3
K.Drake,2,0,0,0,0,0,2,0,0,2,3,31,0,1.1,3.1
K.Gainwell,16,1,1,17,0,0,84,364,2,30,37,183,0,67.38,97.38
K.Granson,15,0,0,0,0,0,1,2,0,30,50,368,1,43.0,73.0
K.Harris,4,0,0,0,0,0,16,65,1,3,3,58,0,18.3,21.3
K.Herbert,12,0,0,0,0,0,132,611,2,20,31,134,1,92.5,112.5
K.Hodge,13,0,0,0,0,0,1,0,0,14,23,232,0,23.2,37.2
K.Hunt,15,0,0,0,0,0,135,411,9,15,21,84,0,103.5,118.5
K.Ingram,7,0,0,0,0,0,35,74,0,4,4,26,0,10.0,14.0
K.Juszczyk,10,0,0,0,0,0,5,6,0,14,17,119,2,24.5,38.5
K.Kieft,3,0,0,0,0,0,0,0,0,1,5,2,1,6.2,7.2
K.Kirkwood,7,0,0,0,0,0,0,0,0,5,9,37,1,9.7,14.700000000000001
K.Lassiter,1,0,0,0,0,0,0,0,0,1,1,2,0,0.2,1.2
K.Miller,7,0,0,0,0,0,41,156,1,10,11,117,0,33.3,43.3
K.Mitchell,7,0,0,0,0,0,47,396,2,9,11,93,0,60.9,69.9
K.Murray,8,176,268,1799,10,5,44,244,3,0,0,0,0,146.36,146.36
K.Nixon,1,0,0,0,0,0,1,11,0,0,0,0,0,1.1,1.1
K.Nwangwu,3,0,0,0,0,0,5,13,0,0,0,0,0,1.3,1.3
K.Osborn,15,0,0,0,0,0,0,0,0,48,75,540,3,72.0,120.0
K.Philips,8,0,0,0,0,0,0,0,0,15,22,181,0,18.099999999999998,33.1
K.Pickett,12,201,324,2070,6,4,42,54,1,0,0,0,0,110.2,110.2
K.Pitts,17,0,0,0,0,0,1,-4,0,53,90,667,3,84.3,137.3
K.Rader,2,0,0,0,0,0,0,0,0,1,3,6,0,0.6,1.6
K.Raymond,17,0,0,0,0,0,7,75,0,35,44,489,1,62.4,97.4
K.Shakir,16,0,0,0,0,0,1,10,0,39,45,611,2,74.1,113.1
K.Smith,3,0,0,0,0,0,0,0,0,3,3,33,0,3.3,6.3
K.Toney,13,0,1,0,0,0,11,31,0,27,38,169,1,26.0,53.0
K.Trask,2,0,1,0,0,0,1,-1,0,0,0,0,0,-0.1,-0.1
K.Turpin,12,0,0,0,0,0,11,110,1,12,18,127,3,47.7,59.7
K.Vaughn,5,0,0,0,0,0,24,42,0,2,5,2,0,4.4,6.4
K.Walker,15,0,0,0,0,0,219,905,8,29,37,259,1,170.4,199.4
K.Williams,12,0,0,0,0,0,228,1144,12,32,48,206,3,223.0,255.0
K.Yeboah,2,0,0,0,0,0,0,0,0,2,4,28,0,2.8,4.8
L.Bowden,8,0,0,0,0,0,5,32,0,11,16,83,0,11.5,22.5
L.Cager,3,0,0,0,0,0,0,0,0,4,5,36,1,9.6,13.6
L.Cooke,1,1,1,13,0,0,0,0,0,0,0,0,0,0.52,0.52
L.Farrell,9,0,0,0,0,0,0,0,0,13,15,155,0,15.5,28.5
L.Fournette,2,0,0,0,0,0,12,40,0,0,0,0,0,4.0,4.0
L.Humphrey,11,0,0,0,0,0,0,0,0,13,19,162,3,34.2,47.2
L.Jackson,16,307,457,3678,24,7,148,821,5,0,0,0,0,331.22,331.22
L.Krull,7,0,0,0,0,0,0,0,0,8,14,95,1,15.500000000000002,23.5
L.Murray,15,0,0,0,0,0,79,300,4,17,22,119,0,65.89999999999999,82.89999999999999
L.Musgrave,11,0,0,0,0,0,0,0,0,34,46,352,1,41.2,75.2
L.Perine,2,0,0,0,0,0,22,77,0,3,5,33,0,11.0,14.0
L.Schoonmaker,11,0,0,0,0,0,0,0,0,8,15,65,2,18.5,26.5
L.Shenault,8,0,0,0,0,0,12,55,0,10,10,60,0,11.5,21.5
L.Thomas,16,0,0,0,0,0,1,2,0,55,78,496,4,71.8,126.8
L.Treadwell,1,0,0,0,0,0,0,0,0,1,3,16,0,1.6,2.6
L.Woodside,1,3,4,27,0,1,1,6,0,0,0,0,0,-0.32,-0.32
M.Alie-Cox,13,0,0,0,0,0,0,0,0,13,22,161,3,36.1,49.1
M.Andrews,10,0,0,0,0,0,1,0,0,45,61,544,6,90.4,135.4
M.Barkley,1,0,0,0,0,0,3,-3,0,0,0,0,0,-0.3,-0.3
M.Boone,7,0,0,0,0,0,5,23,0,7,9,40,0,6.300000000000001,13.3
M.Boykin,4,0,0,0,0,0,0,0,0,3,4,17,0,1.7,4.7
M.Breida,15,0,0,0,0,0,55,151,1,17,21,88,0,29.9,46.9
M.Brown,13,0,0,0,0,0,2,23,0,51,101,574,4,83.7,134.70000000000002
M.Burton,8,0,0,0,0,0,7,9,0,3,3,8,0,3.7,6.7
M.Carter,15,0,0,0,0,0,30,187,0,24,31,101,1,34.8,58.8
M.Cunningham,1,0,0,0,0,0,0,0,0,0,0,0,0,0.0,0.0
M.Evans,17,0,0,0,0,0,0,0,0,79,136,1255,13,203.5,282.5
M.Gallup,16,0,0,0,0,0,0,0,0,34,57,418,2,53.800000000000004,87.8
M.Gesicki,15,0,0,0,0,0,0,0,0,29,45,244,2,36.4,65.4
M.Goodwin,10,0,0,0,0,0,4,33,0,4,13,67,0,10.0,14.0
M.Gordon,4,0,0,0,0,0,26,81,1,3,3,46,0,16.7,19.7
M.Hardman,7,0,0,0,0,0,1,3,0,15,24,124,0,12.7,27.7
M.Heath,12,0,0,0,0,0,0,0,0,15,24,125,1,18.5,33.5
M.Hollins,9,0,0,0,0,0,0,0,0,18,30,251,0,25.099999999999998,43.1
M.Jones,15,224,345,2120,10,12,26,96,0,5,10,35,0,107.9,112.9
M.Kinsey,1,0,0,0,0,0,0,0,0,1,1,6,0,0.6,1.6
M.Lewis,5,0,0,0,0,0,0,0,0,4,5,29,1,8.9,12.899999999999999
M.Mariota,2,15,23,164,1,1,8,52,0,0,0,0,0,11.76,11.76
M.Mayer,12,0,0,0,0,0,0,0,0,27,40,304,2,44.4,71.4
M.Mims,15,0,0,0,0,0,9,30,0,22,33,377,1,52.699999999999996,74.7
M.Pittman,16,0,0,0,0,0,0,0,0,109,156,1152,4,143.2,252.2
M.Pruitt,9,0,0,0,0,0,0,0,0,9,12,110,1,17.0,26.0
M.Rodriguez,1,0,0,0,0,0,0,0,0,1,1,6,0,0.6,1.6
M.Rudolph,4,55,74,719,3,0,10,8,0,0,0,0,0,39.56,39.56
M.Sanders,16,0,0,0,0,0,129,432,1,27,41,154,0,60.6,87.6
M.Stafford,15,326,521,3965,24,11,21,65,0,0,0,0,0,243.1,243.1
M.Strachan,2,0,0,0,0,0,0,0,0,1,3,45,0,4.5,5.5
M.Taylor,2,0,0,0,0,0,0,0,0,2,4,13,0,1.2999999999999998,3.3
M.Thomas,10,0,0,0,0,0,0,0,0,39,64,448,1,50.8,89.8
M.Trubisky,5,67,107,632,4,5,16,54,2,0,0,0,0,48.68,48.68
M.Valdes-Scantling,16,0,0,0,0,0,0,0,0,21,42,315,1,35.5,56.5
M.White,6,5,6,74,1,1,8,-9,0,0,0,0,0,2.06,2.06
M.Wilcox,9,0,0,0,0,0,0,0,0,9,12,56,0,5.6,14.6
M.Williams,3,0,0,0,0,0,1,3,0,19,26,249,1,31.200000000000003,50.2
M.Willis,2,4,5,74,0,0,5,21,0,0,0,0,0,3.06,3.06
M.Wilson,13,0,0,0,0,0,0,0,0,38,58,565,3,76.5,114.5
N.Adkins,4,0,0,0,0,0,0,0,0,4,5,22,0,2.2,6.2
N.Agholor,16,0,0,0,0,0,0,0,0,35,45,381,4,62.1,97.1
N.Bawden,5,0,0,0,0,0,2,4,1,3,3,21,0,8.5,11.5
N.Brown,10,0,0,0,0,0,1,-1,0,33,55,567,2,68.6,101.6
N.Chubb,2,0,0,0,0,0,28,170,0,4,4,21,0,19.1,23.1
N.Collins,15,0,0,0,0,0,1,7,0,80,109,1297,8,180.4,260.4
N.Fant,14,0,0,0,0,0,0,0,0,32,43,414,0,41.4,73.4
N.Gray,16,0,0,0,0,0,1,1,0,28,41,305,2,42.6,70.6
N.Harris,17,0,0,0,0,0,255,1035,8,29,38,170,0,166.5,195.5
N.Igbinoghene,1,0,0,0,0,0,0,0,0,0,0,0,0,6.0,6.0
N.Mullens,5,100,148,1306,7,8,10,25,0,0,0,0,0,66.74000000000001,66.74000000000001
N.Muse,1,0,0,0,0,0,0,0,0,1,1,22,0,2.2,3.2
N.Niemann,1,0,0,0,0,0,1,0,0,0,0,0,0,0.0,0.0
N.Peterman,1,0,0,0,0,0,2,-4,0,0,0,0,0,-0.4,-0.4
N.Vannett,1,0,0,0,0,0,0,0,0,1,1,3,0,0.3,1.3
N.Westbrook-Ikhine,13,0,0,0,0,0,0,0,0,28,45,370,3,57.0,85.0
O.Beckham,14,0,0,0,0,0,0,0,0,35,64,565,3,72.5,107.5
O.Zaccheaus,11,0,0,0,0,0,0,0,0,10,20,164,2,28.400000000000002,38.4
P.Brown,9,0,0,0,0,0,0,0,0,13,15,208,1,24.799999999999997,37.8
P.Campbell,8,0,0,0,0,0,0,0,0,20,27,104,0,10.4,30.400000000000002
P.Dorsett,2,0,0,0,0,0,0,0,0,0,3,0,0,0.0,0.0
P.Durham,6,0,0,0,0,0,0,0,0,5,7,58,0,5.8,10.8
P.Freiermuth,11,0,0,0,0,0,0,0,0,32,47,308,2,44.8,76.8
P.Hendershot,7,0,0,0,0,0,1,0,0,4,7,38,0,3.8,7.8
P.Mahomes,16,401,597,4183,27,14,75,389,0,0,0,0,0,280.22,280.22
P.Nacua,17,0,0,0,0,0,12,89,0,105,160,1486,6,193.5,298.5
P.Ricard,6,0,0,0,0,0,0,0,0,5,7,52,1,11.200000000000001,16.2
P.Strong,13,0,0,0,0,0,63,291,1,5,8,47,0,37.8,42.8
P.Taylor,10,0,0,0,0,0,32,141,0,11,17,49,0,19.0,30.0
P.Walker,5,54,111,674,1,5,13,30,0,0,0,0,0,19.959999999999997,19.959999999999997
P.Washington,6,0,0,0,0,0,0,0,0,16,21,132,2,23.2,39.2
Q.Johnston,17,0,0,0,0,0,3,9,0,38,67,431,2,56.0,94.0
Q.Morris,2,0,0,0,0,0,0,0,0,2,3,26,1,8.6,10.6
Q.Watkins,5,0,0,0,0,0,0,0,0,15,21,142,1,20.200000000000003,35.2
R.Bateman,15,0,0,0,0,0,1,18,0,32,56,367,1,44.5,76.5
R.Bell,8,0,0,0,0,0,0,0,0,6,13,68,3,24.8,30.8
R.Blackshear,8,0,0,0,0,0,14,46,0,6,7,45,0,11.1,17.099999999999998
R.Chosen,5,0,0,0,0,0,0,0,0,4,6,126,1,18.6,22.6
R.Cobb,9,0,0,0,0,0,0,0,0,5,17,39,1,11.9,16.9
R.Cracraft,6,0,0,0,0,0,0,0,0,9,12,121,1,18.1,27.1
R.Doubs,17,0,0,0,0,0,0,0,0,59,96,674,8,115.4,174.4
R.Dowdle,16,0,0,0,0,0,89,361,2,17,22,144,2,74.5,91.5
R.Dwelley,2,0,0,0,0,0,0,0,0,1,2,12,0,1.2,2.2
R.Freeman,9,0,0,0,0,0,77,319,2,1,2,13,0,45.2,46.2
R.Gilliam,1,0,0,0,0,0,0,0,0,1,1,3,0,0.3,1.3
R.James,8,0,0,0,0,0,0,0,0,10,14,114,0,11.4,21.400000000000002
R.Jarrett,6,0,0,0,0,0,1,0,0,4,9,60,0,6.0,10.0
R.Johnson,15,0,0,0,0,0,81,352,2,34,40,209,0,68.1,102.1
R.McCloud,7,0,0,0,0,0,3,30,0,12,15,135,0,16.5,28.5
R.Moore,17,0,0,0,0,0,28,178,1,40,62,352,1,65.0,105.0
R.Mostert,15,0,0,0,0,0,209,1012,18,25,32,175,3,242.70000000000002,267.7
R.Penny,3,0,0,0,0,0,11,33,0,1,1,5,0,3.8,4.8
R.Rice,16,0,0,0,0,0,1,-3,0,79,102,938,7,133.5,212.5
R.Rivers,7,0,0,0,0,0,32,129,0,5,5,22,0,15.100000000000001,20.1
R.Shaheed,15,0,0,0,0,0,7,37,0,46,75,719,5,111.6,157.6
R.Stevenson,12,0,0,0,0,0,156,619,4,38,51,238,0,107.7,145.7
R.Stonehouse,1,0,0,0,0,0,1,-11,0,0,0,0,0,-3.1,-3.1
R.Tannehill,9,149,230,1616,4,7,17,74,1,0,1,0,0,80.03999999999999,80.03999999999999
R.Tonyan,11,0,0,0,0,0,0,0,0,11,17,112,0,11.2,22.2
R.White,17,0,0,0,0,0,272,990,6,64,70,549,3,203.9,267.9
R.Williams,1,0,0,0,0,0,0,0,0,0,2,0,0,0.0,0.0
R.Wilson,15,297,447,3070,26,8,80,341,3,0,0,0,0,256.9,256.9
R.Woods,13,0,0,0,0,0,1,7,0,40,75,426,1,49.3,89.3
S.Ahmed,7,0,0,0,0,0,22,61,1,16,23,88,1,26.9,42.9
S.Barkley,14,0,0,0,0,0,247,962,6,41,60,280,4,182.2,223.2
S.Clifford,2,1,1,37,0,0,3,-2,0,0,0,0,0,1.28,1.28
S.Darnold,10,28,46,297,2,1,21,15,1,0,0,0,0,23.38,23.38
S.Diggs,17,0,0,0,0,0,1,5,0,107,160,1183,8,166.8,273.8
S.Fehoko,1,0,0,0,0,0,0,0,0,1,2,9,1,6.9,7.9
S.Howell,17,388,612,3946,21,21,48,263,5,1,1,4,0,256.54,257.54
S.Jackson,1,0,0,0,0,0,0,0,0,0,1,0,0,0.0,0.0
S.LaPorta,17,0,0,0,0,0,1,4,0,86,120,889,10,153.3,239.3
S.McKeon,2,0,0,0,0,0,0,0,0,0,2,0,0,0.0,0.0
S.Miller,9,0,0,0,0,0,0,0,0,11,16,161,2,28.1,39.1
S.Moore,13,0,0,0,0,0,3,23,0,21,38,244,1,32.7,53.7
S.Perine,17,0,0,0,0,0,53,238,1,50,56,455,0,71.3,121.3
S.Shepard,10,0,0,0,0,0,1,6,0,10,22,57,1,12.3,22.3
S.Sims,2,0,0,0,0,0,1,1,0,3,3,25,0,2.6,5.6
S.Smartt,12,0,0,0,0,0,0,0,0,11,21,155,1,21.5,32.5
S.Sullivan,10,0,0,0,0,0,0,0,0,12,24,125,0,12.5,24.5
S.Toure,8,0,0,0,0,0,0,0,0,8,18,78,0,9.8,17.8
S.Tucker,3,0,0,0,0,0,15,23,0,2,2,9,0,3.1999999999999997,5.2
T.Allgeier,17,0,0,0,0,0,186,683,4,18,23,193,1,119.6,137.6
T.Atwell,14,0,0,0,0,0,5,31,0,39,67,483,3,73.4,112.39999999999999
T.Bagent,5,94,143,859,3,6,23,109,2,0,0,0,0,53.26,53.26
T.Bigsby,13,0,0,0,0,0,50,132,2,1,4,6,0,23.8,24.8
T.Boyd,17,0,1,0,0,1,2,11,0,67,98,667,2,77.8,144.79999999999998
T.Boyle,3,48,77,360,1,4,4,5,0,0,0,0,0,10.9,10.9
T.Bridgewater,1,0,0,0,0,0,2,-2,0,0,0,0,0,-0.2,-0.2
T.Burks,9,0,0,0,0,0,5,18,0,16,30,221,0,23.9,39.9
T.Chandler,13,0,0,0,0,0,102,461,3,21,25,159,0,80.0,101.0
T.Conklin,17,0,0,0,0,0,1,0,0,61,87,621,0,62.1,123.1
T.Davis-Price,1,0,0,0,0,0,6,21,0,0,0,0,0,2.1,2.1
T.DeVito,9,114,178,1101,8,3,36,195,1,0,0,0,0,93.54,93.54
T.Dell,10,0,0,0,0,0,11,51,0,47,75,709,7,118.0,165.0
T.Etienne,17,0,0,0,0,0,267,1008,11,58,73,476,1,224.4,282.4
T.Fisk,1,0,0,0,0,0,0,0,0,1,1,9,0,0.9,1.9
T.Goodson,6,0,0,0,0,0,13,87,0,6,9,34,0,12.100000000000001,18.1
T.Heinicke,5,74,136,890,5,4,15,124,1,0,0,0,0,66.0,66.0
T.Higbee,15,0,0,0,0,0,0,0,0,47,70,495,2,61.5,108.5
T.Higgins,12,0,0,0,0,0,0,0,0,42,76,656,5,95.60000000000001,137.6
T.Hill,32,6,11,83,1,0,87,416,4,152,211,2090,15,367.92,519.92
T.Hockenson,15,0,0,0,0,0,0,0,0,95,127,960,5,124.0,219.0
T.Homer,1,0,0,0,0,0,0,0,0,0,1,0,0,0.0,0.0
T.Hudson,12,0,0,0,0,0,0,0,0,39,50,352,1,41.199999999999996,80.2
T.Huntley,5,21,37,203,3,0,15,55,0,0,0,0,0,25.62,25.62
T.Irwin,10,0,0,0,0,0,0,0,0,25,32,316,1,37.6,62.6
T.Jackson,2,0,0,0,0,0,0,0,0,2,4,9,0,2.9000000000000004,4.9
T.Johnson,8,0,0,0,0,0,30,132,0,9,10,70,2,32.2,41.2
T.Jones,15,0,0,0,0,0,26,95,2,18,28,120,0,33.5,51.5
T.Kelce,15,0,0,0,0,0,0,0,0,93,121,984,5,126.4,219.4
T.Kraft,10,0,0,0,0,0,0,0,0,31,40,355,2,47.5,78.5
T.Lawrence,16,370,564,4016,21,14,70,339,4,0,0,0,0,262.54,262.54
T.Lockett,17,0,0,0,0,0,0,0,0,79,122,894,5,123.39999999999999,202.4
T.Marshall,8,0,0,0,0,0,0,0,0,19,33,139,0,13.899999999999999,32.9
T.McBride,17,0,0,0,0,0,0,0,0,81,106,825,3,100.5,181.5
T.McLaurin,17,0,0,0,0,0,0,0,0,79,132,1002,4,124.2,203.20000000000002
T.Montgomery,7,0,0,0,0,0,3,9,0,5,12,40,0,4.9,9.9
T.Morstead,1,1,1,18,0,0,0,0,0,0,0,0,0,0.72,0.72
T.Palmer,17,0,0,0,0,0,3,22,0,39,68,385,3,56.7,95.7
T.Pipkins,1,0,0,0,0,0,0,0,0,0,0,0,0,2.0,2.0
T.Pollard,17,0,0,0,0,0,252,1005,6,55,67,311,0,167.6,222.6
T.Quitoriano,3,0,0,0,0,0,0,0,0,2,3,33,0,3.3000000000000003,5.300000000000001
T.Scott,13,0,0,0,0,0,7,41,0,17,32,168,0,18.9,35.9
T.Sermon,8,0,0,0,0,0,35,160,0,3,6,13,0,17.3,20.3
T.Sherfield,9,0,0,0,0,0,0,0,0,11,22,86,1,14.600000000000001,25.6
T.Siemian,5,86,153,724,2,4,11,40,0,0,0,0,0,26.96,26.96
T.Spears,17,0,0,0,0,0,100,453,2,52,70,385,1,101.80000000000001,153.8
T.Tagovailoa,17,388,560,4624,29,14,35,74,0,0,0,0,0,272.36,272.36
T.Taylor,13,116,180,1341,5,3,39,195,0,0,2,0,0,87.14,87.14
T.Thornton,9,0,0,0,0,0,3,51,0,13,23,91,0,14.2,27.200000000000003
T.Townsend,1,1,1,11,0,0,0,0,0,0,0,0,0,0.44,0.44
T.Tremble,13,0,0,0,0,0,0,0,0,23,32,194,3,37.4,60.4
T.Tucker,13,0,0,0,0,0,10,77,0,19,34,331,2,52.8,71.8
T.Wallace,2,0,0,0,0,0,0,0,0,1,2,11,0,7.1,8.1
T.Way,1,0,0,0,0,0,1,0,0,0,0,0,0,0.0,0.0
T.Wesco,3,0,0,0,0,0,0,0,0,1,3,21,0,2.1,3.1
T.Williams,14,0,0,0,0,0,15,69,0,7,9,10,0,7.9,14.9
T.Zentner,1,0,0,0,0,0,1,0,0,0,0,0,0,0.0,0.0
V.Jefferson,14,0,0,0,0,0,1,4,0,20,43,209,0,21.3,41.300000000000004
V.Jones,10,0,0,0,0,0,8,51,0,4,7,20,0,7.1,11.1
W.Dissly,12,0,0,0,0,0,0,0,0,17,22,172,1,23.2,40.2
W.Levis,9,149,255,1808,8,4,25,57,1,0,0,0,0,102.02,102.02
W.Mallory,11,0,0,0,0,0,0,0,0,18,26,207,0,20.7,38.699999999999996
W.Robinson,15,0,0,0,0,0,9,87,1,60,78,525,1,73.2,133.2
W.Snead,2,0,0,0,0,0,0,0,0,2,3,14,0,1.4,3.4
X.Gipson,14,0,0,0,0,0,8,68,1,21,38,229,0,41.699999999999996,62.7
X.Hutchinson,11,0,0,0,0,0,5,49,0,8,19,90,0,13.9,21.9
Z.Charbonnet,16,0,0,0,0,0,108,462,1,33,40,209,0,73.1,106.1
Z.Ertz,7,0,0,0,0,0,0,0,0,27,43,187,1,24.7,51.7
Z.Evans,4,0,0,0,0,0,9,19,0,0,0,0,0,1.9,1.9
Z.Flowers,16,0,0,0,0,0,8,56,1,77,108,858,5,129.4,206.4
Z.Jones,9,0,0,0,0,0,0,0,0,34,64,321,2,44.1,78.1
Z.Knight,2,0,0,0,0,0,3,13,0,1,1,8,0,2.1,3.1
Z.Moss,14,0,0,0,0,0,183,794,5,27,37,192,2,142.6,169.6
Z.Pascal,9,0,0,0,0,0,0,0,0,4,15,19,0,1.9,5.9
Z.White,13,0,0,0,0,0,104,451,1,15,19,98,0,58.9,73.9
Z.Wilson,12,221,368,2271,8,7,36,211,0,0,0,0,0,119.94,119.94
